transaction_type,ratio
Food,0.0759367902223712
Drinks,0.0128488445402411
Transportation,0.062332959608919034
Bills,0.06287376449880071
