transaction_type,ratio
Food,0.0778966711128391
Drinks,0.02909950832232691
Transportation,0.01017249761267784
Bills,0.09682368182248817
