transaction_type,transitivity
Food,0.014152500000000002
Drinks,0.008834999999999999
Transportation,0.0279825
Bills,0.024795
